{
  "name": "worker:io.kabassu.results.retriever.main",
  "config": {
    "verticle": "io.kabassu.results.retriever.main.KabassuResultsRetrieverMainVerticle",
    "address": "kabassu.results.retriever.main",
    "reports": [
      {
        "id": "allure",
        "retriever": "allure-retriever",
        "class": "io.kabassu.results.retriever.main.reports.SimpleDownloadRetriever",
        "reportDir": "/build/reports/allure-report",
        "startItem": "index.html",
        "type": "multi"
      },
      {
        "id": "allure-junit-xml",
        "retriever": "allure-junit-xml-retriever",
        "class": "io.kabassu.results.retriever.main.reports.AllureJUnitXMLRetriever",
        "startItem": "index.html",
        "type": "multi"
      },
      {
        "id": "allure-junit-xml-trend",
        "retriever": "allure-junit-xml-retriever-trend",
        "class": "io.kabassu.results.retriever.main.reports.AllureTrendJUnitXMLRetriever",
        "startItem": "index.html",
        "type": "single"
      },
      {
        "id": "allure-trend",
        "retriever": "allure-trend-retriever",
        "class": "io.kabassu.results.retriever.main.reports.AllureTrendRetriever",
        "reportDir": "/build/allure-results",
        "startItem": "index.html",
        "type": "single"
      },
      {
        "id": "cucumber",
        "retriever": "cucumber-retriever",
        "class": "io.kabassu.results.retriever.main.reports.SimpleDownloadRetriever",
        "reportDir": "/build/cucumber-html-report",
        "startItem": "index.html",
        "type": "multi"
      },
      {
        "id": "generic",
        "retriever": "generic-retriever",
        "class": "io.kabassu.results.retriever.main.reports.SimpleDownloadRetriever",
        "type": "multi"
      },
      {
        "id": "aet",
        "retriever": "aet-retriever",
        "class": "io.kabassu.results.retriever.main.reports.AETRetriever",
        "type": "multi"
      },
      {
        "id": "lighthouse",
        "retriever": "lighthouse-retriever",
        "class": "io.kabassu.results.retriever.main.reports.LighthouseRetriever",
        "type": "multi"
      }
    ],
    "defaultReports": "allure",
    "defaultReportsDir": "../../../reports-dir"
  }
}
