{
  "name": "worker:io.kabassu.testcontext",
  "config": {
    "verticle": "io.kabassu.testcontext.KabassuTestContextVerticle",
    "runners": [
      {
        "runner": "gradle",
        "address": "kabassu.runner.gradle"
      },
      {
        "runner": "command",
        "address": "kabassu.runner.command"
      },
      {
        "runner": "aet",
        "address": "kabassu.runner.aet"
      },
      {
        "runner": "lighthouse",
        "address": "kabassu.runner.lighthouse"
      }
    ]
  }
}

