{
  "name": "standard:io.kabassu.server",
  "config": {
    "verticle": "io.kabassu.server.KabassuServerVerticle",
    "port": 8080,
    "security": "jwt",
    "cerificatePath": "certificate/dev.p12",
    "password": "developer",
    "jwtSecret": "jwt_secret_change_me",
    "operations": [
      {
        "operationId": "login",
        "address": "kabassu.database.mongo.checkuser",
        "handler": "login"
      },
      {
        "operationId": "adddefinition",
        "address": "kabassu.database.mongo.adddefinition",
        "handler": "adddata"
      },
      {
        "operationId": "addconfiguration",
        "address": "kabassu.database.mongo.addconfiguration",
        "handler": "adddata"
      },
      {
        "operationId": "addview",
        "address": "kabassu.database.mongo.addview",
        "handler": "adddata"
      },
      {
        "operationId": "addsuite",
        "address": "kabassu.database.mongo.addsuite",
        "handler": "adddata"
      },
      {
        "operationId": "testrun",
        "address": "kabassu.runtestrequest",
        "handler": "adddata"
      },
      {
        "operationId": "getdefinition",
        "address": "kabassu.database.mongo.getdefinition",
        "handler": "getdatabyid"
      },
      {
        "operationId": "getrequest",
        "address": "kabassu.database.mongo.getrequest",
        "handler": "getdatabyid"
      },
      {
        "operationId": "getconfiguration",
        "address": "kabassu.database.mongo.getconfiguration",
        "handler": "getdatabyid"
      },
      {
        "operationId": "getsuite",
        "address": "kabassu.database.mongo.getsuite",
        "handler": "getdatabyid"
      },
      {
        "operationId": "getview",
        "address": "kabassu.database.mongo.getview",
        "handler": "getdatabyid"
      },
      {
        "operationId": "getsuiterun",
        "address": "kabassu.database.mongo.getsuiterun",
        "handler": "getdatabyid"
      },
      {
        "operationId": "getall",
        "address": "kabassu.database.mongo.getall",
        "handler": "getall"
      },
      {
        "operationId": "getallbyfield",
        "address": "kabassu.database.mongo.getallbyfield",
        "handler": "getallbyfield"
      },
      {
        "operationId": "testrerun",
        "address": "kabassu.reruntestrequest",
        "handler": "adddata"
      },
      {
        "operationId": "suitererun",
        "address": "kabassu.rerunsuite",
        "handler": "adddata"
      },
      {
        "operationId": "suiterun",
        "address": "kabassu.suiterun",
        "handler": "adddata"
      },
      {
        "operationId": "getbyfilters",
        "address": "kabassu.database.mongo.getbyfilters",
        "handler": "adddata"
      },
      {
        "operationId": "updateview",
        "address": "kabassu.database.mongo.updatearray",
        "handler": "updateview"
      }
    ]
  }
}
